{
    "venom":{
        "sounds":[
            "suit/venom"
        ],
        "category":"player"
    },
    "venommask":{
        "sounds":[
            "suit/venommask"
        ],
        "category":"player"
    },
    "venomroar":{
        "sounds":[
            "suit/venomroar"
        ],
        "category":"player"
    },
    "electrotheme":{
        "sound": "suit/electrotheme",
        "condition": "fiskheroes:energy_projection",
        "volume": "fiskheroes:energy_projection_timer",
        "loop": true,
        "fadeOut": 20
    }
}