{
    "venom":{
        "sounds":["suit/venom"],
        "category":"player"
    },
    "venommask":{
        "sounds":["suit/venommask"],
        "category":"player"
    },
    "venomroar":{
        "sounds":["suit/venomroar"],
        "category":"player"
    },
    "electrotheme":{
        "sounds":["suit/electrotheme"],
        "category":"player"
    },
    "misery":{
        "sounds":["suit/misery"],
        "category":"player"
    },
    "ggmask":{
        "sounds":["suit/ggmask"],
        "category":"player"
    }
}