{
    "venom":{
        "sounds":["suit/venom"],
        "category":"player"
    },
    "venomweb":{
        "sounds":["suit/venomweb"],
        "category":"player"
    },
    "venommask":{
        "sounds":["suit/venommask"],
        "category":"player"
    },
    "venomroar":{
        "sounds":["suit/venomroar"],
        "category":"player"
    },
    "electrotheme":{
        "sounds":["suit/electrotheme"],
        "category":"player"
    },
    "misery":{
        "sounds":["suit/misery"],
        "category":"player"
    },
    "ggmask":{
        "sounds":["suit/ggmask"],
        "category":"player"
    },
    "stomp":{
        "sounds":["suit/stomp"],
        "category":"player"
    },
    "shocker":{
        "sounds":["suit/shocker"],
        "category":"player"
    },
    "scorpion":{
        "sounds":["suit/scorpion"],
        "category":"player"
    },
    "prowler":{
        "sounds":["suit/prowler"],
        "category":"player"
    },
    "grapple1":{
        "sounds":["suit/grapple1"],
        "category":"player"
    },
    "grapple2":{
        "sounds":["suit/grapple2"],
        "category":"player"
    }
}